Date,Max Temp,Month,Holiday,Weekend,home_game,n_rides
2015-05-31,83.0,5.0,0.0,1.0,0.0,469
2015-06-01,56.0,6.0,0.0,0.0,0.0,113
2015-06-02,63.0,6.0,0.0,0.0,0.0,139
2015-06-03,71.0,6.0,0.0,0.0,0.0,131
2015-06-04,78.0,6.0,0.0,0.0,0.0,207
2015-06-05,83.0,6.0,0.0,0.0,0.0,270
2015-06-06,76.0,6.0,0.0,1.0,0.0,368
2015-06-07,85.0,6.0,0.0,1.0,0.0,414
2015-06-08,80.0,6.0,0.0,0.0,1.0,121
2015-06-09,76.0,6.0,0.0,0.0,1.0,249
2015-06-10,86.0,6.0,0.0,0.0,1.0,263
2015-06-11,90.0,6.0,0.0,0.0,0.0,216
2015-06-12,90.0,6.0,0.0,0.0,1.0,265
2015-06-13,85.0,6.0,0.0,1.0,1.0,344
2015-06-14,85.0,6.0,0.0,1.0,1.0,304
2015-06-15,84.0,6.0,0.0,0.0,1.0,180
2015-06-16,82.0,6.0,0.0,0.0,1.0,314
2015-06-17,73.0,6.0,0.0,0.0,0.0,296
2015-06-18,85.0,6.0,0.0,0.0,0.0,254
2015-06-19,79.0,6.0,0.0,0.0,0.0,289
2015-06-20,76.0,6.0,0.0,1.0,0.0,218
2015-06-21,84.0,6.0,0.0,1.0,0.0,454
2015-06-22,85.0,6.0,0.0,0.0,0.0,460
2015-06-23,84.0,6.0,0.0,0.0,1.0,376
2015-06-24,80.0,6.0,0.0,0.0,1.0,452
2015-06-25,75.0,6.0,0.0,0.0,1.0,200
2015-06-26,81.0,6.0,0.0,0.0,1.0,378
2015-06-27,76.0,6.0,0.0,1.0,1.0,183
2015-06-28,67.0,6.0,0.0,1.0,1.0,466
2015-06-29,76.0,6.0,0.0,0.0,0.0,305
2015-06-30,77.0,6.0,0.0,0.0,0.0,255
2015-07-01,75.0,7.0,0.0,0.0,0.0,387
2015-07-02,78.0,7.0,0.0,0.0,0.0,467
2015-07-03,79.0,7.0,1.0,0.0,1.0,593
2015-07-04,80.0,7.0,0.0,1.0,1.0,757
2015-07-05,82.0,7.0,0.0,1.0,1.0,600
2015-07-06,83.0,7.0,0.0,0.0,1.0,278
2015-07-07,85.0,7.0,0.0,0.0,1.0,291
2015-07-08,73.0,7.0,0.0,0.0,1.0,324
2015-07-09,82.0,7.0,0.0,0.0,1.0,228
2015-07-10,73.0,7.0,0.0,0.0,1.0,359
2015-07-11,83.0,7.0,0.0,1.0,1.0,663
2015-07-12,80.0,7.0,0.0,1.0,1.0,396
2015-07-13,82.0,7.0,0.0,0.0,0.0,297
2015-07-14,80.0,7.0,0.0,0.0,0.0,245
2015-07-15,77.0,7.0,0.0,0.0,0.0,347
2015-07-16,80.0,7.0,0.0,0.0,0.0,494
2015-07-17,83.0,7.0,0.0,0.0,0.0,417
2015-07-18,88.0,7.0,0.0,1.0,0.0,557
2015-07-19,88.0,7.0,0.0,1.0,0.0,402
2015-07-20,85.0,7.0,0.0,0.0,0.0,336
2015-07-21,84.0,7.0,0.0,0.0,0.0,343
2015-07-22,78.0,7.0,0.0,0.0,0.0,490
2015-07-23,81.0,7.0,0.0,0.0,1.0,469
2015-07-24,85.0,7.0,0.0,0.0,1.0,442
2015-07-25,87.0,7.0,0.0,1.0,1.0,649
2015-07-26,87.0,7.0,0.0,1.0,1.0,855
2015-07-27,89.0,7.0,0.0,0.0,0.0,369
2015-07-28,92.0,7.0,0.0,0.0,0.0,323
2015-07-29,91.0,7.0,0.0,0.0,0.0,328
2015-07-30,87.0,7.0,0.0,0.0,0.0,330
2015-07-31,87.0,7.0,0.0,0.0,0.0,460
2015-08-01,83.0,8.0,0.0,1.0,0.0,544
2015-08-02,87.0,8.0,0.0,1.0,0.0,537
2015-08-03,84.0,8.0,0.0,0.0,0.0,250
2015-08-04,83.0,8.0,0.0,0.0,1.0,384
2015-08-05,80.0,8.0,0.0,0.0,1.0,435
2015-08-06,72.0,8.0,0.0,0.0,0.0,404
2015-08-07,78.0,8.0,0.0,0.0,1.0,452
2015-08-08,85.0,8.0,0.0,1.0,1.0,534
2015-08-09,85.0,8.0,0.0,1.0,1.0,523
2015-08-10,84.0,8.0,0.0,0.0,0.0,296
2015-08-11,83.0,8.0,0.0,0.0,0.0,417
2015-08-12,79.0,8.0,0.0,0.0,0.0,392
2015-08-13,79.0,8.0,0.0,0.0,0.0,416
2015-08-14,86.0,8.0,0.0,0.0,0.0,403
2015-08-15,87.0,8.0,0.0,1.0,0.0,561
2015-08-16,89.0,8.0,0.0,1.0,0.0,429
2015-08-17,90.0,8.0,0.0,0.0,1.0,410
2015-08-18,80.0,8.0,0.0,0.0,1.0,282
2015-08-19,88.0,8.0,0.0,0.0,1.0,420
2015-08-20,80.0,8.0,0.0,0.0,1.0,391
2015-08-21,79.0,8.0,0.0,0.0,1.0,493
2015-08-22,80.0,8.0,0.0,1.0,1.0,676
2015-08-23,83.0,8.0,0.0,1.0,1.0,567
2015-08-24,79.0,8.0,0.0,0.0,0.0,344
2015-08-25,71.0,8.0,0.0,0.0,0.0,363
2015-08-26,68.0,8.0,0.0,0.0,0.0,361
2015-08-27,70.0,8.0,0.0,0.0,0.0,383
2015-08-28,80.0,8.0,0.0,0.0,1.0,429
2015-08-29,84.0,8.0,0.0,1.0,1.0,617
2015-08-30,84.0,8.0,0.0,1.0,1.0,449
2015-08-31,88.0,8.0,0.0,0.0,0.0,307
2015-09-01,89.0,9.0,0.0,0.0,0.0,292
2015-09-02,90.0,9.0,0.0,0.0,0.0,315
2015-09-03,90.0,9.0,0.0,0.0,0.0,381
2015-09-04,89.0,9.0,0.0,0.0,0.0,348
2015-09-05,88.0,9.0,0.0,1.0,0.0,356
2015-09-06,88.0,9.0,0.0,1.0,0.0,581
2015-09-07,91.0,9.0,1.0,0.0,0.0,548
2015-09-08,91.0,9.0,0.0,0.0,0.0,309
2015-09-09,91.0,9.0,0.0,0.0,0.0,218
2015-09-10,74.0,9.0,0.0,0.0,1.0,255
2015-09-11,81.0,9.0,0.0,0.0,1.0,374
2015-09-12,66.0,9.0,0.0,1.0,1.0,152
2015-09-13,64.0,9.0,0.0,1.0,1.0,210
2015-09-14,74.0,9.0,0.0,0.0,0.0,321
2015-09-15,80.0,9.0,0.0,0.0,1.0,375
2015-09-16,83.0,9.0,0.0,0.0,1.0,383
2015-09-17,84.0,9.0,0.0,0.0,1.0,356
2015-09-18,83.0,9.0,0.0,0.0,0.0,362
2015-09-19,83.0,9.0,0.0,1.0,0.0,528
2015-09-20,72.0,9.0,0.0,1.0,0.0,435
2015-09-21,74.0,9.0,0.0,0.0,0.0,303
2015-09-22,78.0,9.0,0.0,0.0,0.0,305
2015-09-23,79.0,9.0,0.0,0.0,0.0,357
2015-09-24,81.0,9.0,0.0,0.0,0.0,359
2015-09-25,77.0,9.0,0.0,0.0,0.0,437
2015-09-26,76.0,9.0,0.0,1.0,0.0,480
2015-09-27,76.0,9.0,0.0,1.0,0.0,352
2015-09-28,72.0,9.0,0.0,0.0,1.0,192
2015-09-29,70.0,9.0,0.0,0.0,0.0,63
2015-09-30,64.0,9.0,0.0,0.0,1.0,260
2015-10-01,67.0,10.0,0.0,0.0,0.0,306
2015-10-02,55.0,10.0,0.0,0.0,1.0,278
2015-10-03,52.0,10.0,0.0,1.0,1.0,171
2015-10-04,64.0,10.0,0.0,1.0,1.0,254
2015-10-05,72.0,10.0,0.0,0.0,0.0,259
2015-10-06,76.0,10.0,0.0,0.0,0.0,289
2015-10-07,72.0,10.0,0.0,0.0,0.0,379
2015-10-08,76.0,10.0,0.0,0.0,0.0,299
2015-10-09,71.0,10.0,0.0,0.0,0.0,214
2015-10-10,64.0,10.0,0.0,1.0,0.0,378
2015-10-11,69.0,10.0,0.0,1.0,0.0,361
2015-10-12,74.0,10.0,1.0,0.0,0.0,272
2015-10-13,63.0,10.0,0.0,0.0,0.0,201
2015-10-14,59.0,10.0,0.0,0.0,0.0,226
2015-10-15,63.0,10.0,0.0,0.0,0.0,255
2015-10-16,58.0,10.0,0.0,0.0,0.0,227
2015-10-17,45.0,10.0,0.0,1.0,0.0,156
2015-10-18,45.0,10.0,0.0,1.0,0.0,97
2015-10-19,59.0,10.0,0.0,0.0,0.0,182
2015-10-20,70.0,10.0,0.0,0.0,0.0,241
2015-10-21,72.0,10.0,0.0,0.0,0.0,269
2015-10-22,70.0,10.0,0.0,0.0,0.0,208
2015-10-23,64.0,10.0,0.0,0.0,0.0,263
2015-10-24,67.0,10.0,0.0,1.0,0.0,198
2015-10-25,63.0,10.0,0.0,1.0,0.0,157
2015-10-26,58.0,10.0,0.0,0.0,0.0,170
2015-10-27,59.0,10.0,0.0,0.0,0.0,171
2015-10-28,64.0,10.0,0.0,0.0,0.0,68
2015-10-29,60.0,10.0,0.0,0.0,0.0,192
2015-10-30,48.0,10.0,0.0,0.0,0.0,176
2015-10-31,56.0,10.0,0.0,1.0,0.0,196
2015-11-01,66.0,11.0,0.0,1.0,0.0,186
2015-11-02,68.0,11.0,0.0,0.0,0.0,190
2015-11-03,74.0,11.0,0.0,0.0,0.0,208
2015-11-04,76.0,11.0,0.0,0.0,0.0,222
2015-11-05,76.0,11.0,0.0,0.0,0.0,272
2015-11-06,69.0,11.0,0.0,0.0,0.0,176
2015-11-07,54.0,11.0,0.0,1.0,0.0,250
2015-11-08,52.0,11.0,0.0,1.0,0.0,201
2015-11-09,56.0,11.0,0.0,0.0,0.0,159
2015-11-10,54.0,11.0,0.0,0.0,0.0,55
2015-11-11,53.0,11.0,1.0,0.0,0.0,177
2015-11-12,65.0,11.0,0.0,0.0,0.0,169
2015-11-13,50.0,11.0,0.0,0.0,0.0,180
2015-11-14,47.0,11.0,0.0,1.0,0.0,129
2015-11-15,62.0,11.0,0.0,1.0,0.0,187
2015-11-16,64.0,11.0,0.0,0.0,0.0,167
2015-11-17,64.0,11.0,0.0,0.0,0.0,151
2015-11-18,65.0,11.0,0.0,0.0,0.0,160
2015-11-19,63.0,11.0,0.0,0.0,0.0,192
2015-11-20,48.0,11.0,0.0,0.0,0.0,209
2015-11-21,57.0,11.0,0.0,1.0,0.0,157
2015-11-22,39.0,11.0,0.0,1.0,0.0,45
2015-11-23,37.0,11.0,0.0,0.0,0.0,94
2015-11-24,46.0,11.0,0.0,0.0,0.0,113
2015-11-25,57.0,11.0,0.0,0.0,0.0,112
2015-11-26,64.0,11.0,1.0,0.0,0.0,104
2015-11-27,64.0,11.0,0.0,0.0,0.0,181
2015-11-28,60.0,11.0,0.0,1.0,0.0,24
2015-11-29,41.0,11.0,0.0,1.0,0.0,45
2015-11-30,46.0,11.0,0.0,0.0,0.0,77
2015-12-01,57.0,12.0,0.0,0.0,0.0,59
2015-12-02,49.0,12.0,0.0,0.0,0.0,70
2015-12-03,39.0,12.0,0.0,0.0,0.0,99
2015-12-04,46.0,12.0,0.0,0.0,0.0,109
2015-12-05,47.0,12.0,0.0,1.0,0.0,114
2015-12-06,46.0,12.0,0.0,1.0,0.0,103
2015-12-07,47.0,12.0,0.0,0.0,0.0,113
2015-12-08,47.0,12.0,0.0,0.0,0.0,91
2015-12-09,56.0,12.0,0.0,0.0,0.0,106
2015-12-10,55.0,12.0,0.0,0.0,0.0,136
2015-12-11,61.0,12.0,0.0,0.0,0.0,165
2015-12-12,68.0,12.0,0.0,1.0,0.0,596
2015-12-13,64.0,12.0,0.0,1.0,0.0,207
2015-12-14,63.0,12.0,0.0,0.0,0.0,83
2015-12-15,51.0,12.0,0.0,0.0,0.0,108
2015-12-16,56.0,12.0,0.0,0.0,0.0,139
2015-12-17,53.0,12.0,0.0,0.0,0.0,48
2015-12-18,34.0,12.0,0.0,0.0,0.0,62
2015-12-19,33.0,12.0,0.0,1.0,0.0,57
2015-12-20,41.0,12.0,0.0,1.0,0.0,56
2015-12-21,52.0,12.0,0.0,0.0,0.0,67
2015-12-22,62.0,12.0,0.0,0.0,0.0,97
2015-12-23,64.0,12.0,0.0,0.0,0.0,79
2015-12-24,63.0,12.0,0.0,0.0,0.0,84
2015-12-25,57.0,12.0,1.0,0.0,0.0,39
2015-12-26,57.0,12.0,0.0,1.0,0.0,72
2015-12-27,66.0,12.0,0.0,1.0,0.0,21
2015-12-28,42.0,12.0,0.0,0.0,0.0,34
2015-12-29,53.0,12.0,0.0,0.0,0.0,52
2015-12-30,49.0,12.0,0.0,0.0,0.0,70
2015-12-31,41.0,12.0,0.0,0.0,0.0,48
2016-01-01,35.0,1.0,1.0,0.0,0.0,30
2016-01-02,36.0,1.0,0.0,1.0,0.0,22
2016-01-03,34.0,1.0,0.0,1.0,0.0,31
2016-01-04,28.0,1.0,0.0,0.0,0.0,33
2016-01-05,27.0,1.0,0.0,0.0,0.0,38
2016-01-06,41.0,1.0,0.0,0.0,0.0,51
2016-01-07,47.0,1.0,0.0,0.0,0.0,80
2016-01-08,41.0,1.0,0.0,0.0,0.0,41
2016-01-09,54.0,1.0,0.0,1.0,0.0,136
2016-01-10,48.0,1.0,0.0,1.0,0.0,28
2016-01-11,22.0,1.0,0.0,0.0,0.0,54
2016-01-12,31.0,1.0,0.0,0.0,0.0,21
2016-01-13,19.0,1.0,0.0,0.0,0.0,18
2016-01-14,43.0,1.0,0.0,0.0,0.0,50
2016-01-15,49.0,1.0,0.0,0.0,0.0,72
2016-01-16,41.0,1.0,0.0,1.0,0.0,50
2016-01-17,30.0,1.0,0.0,1.0,0.0,30
2016-01-18,13.0,1.0,1.0,0.0,0.0,13
2016-01-19,18.0,1.0,0.0,0.0,0.0,25
2016-01-20,19.0,1.0,0.0,0.0,0.0,23
2016-01-21,22.0,1.0,0.0,0.0,0.0,37
2016-01-22,23.0,1.0,0.0,0.0,0.0,32
2016-01-23,29.0,1.0,0.0,1.0,0.0,9
2016-01-24,28.0,1.0,0.0,1.0,0.0,13
2016-01-25,44.0,1.0,0.0,0.0,0.0,40
2016-01-26,50.0,1.0,0.0,0.0,0.0,62
2016-01-27,33.0,1.0,0.0,0.0,0.0,77
2016-01-28,43.0,1.0,0.0,0.0,0.0,70
2016-01-29,36.0,1.0,0.0,0.0,0.0,42
2016-01-30,55.0,1.0,0.0,1.0,0.0,112
2016-01-31,61.0,1.0,0.0,1.0,0.0,281
2016-02-01,60.0,2.0,0.0,0.0,0.0,85
2016-02-02,50.0,2.0,0.0,0.0,0.0,94
2016-02-03,62.0,2.0,0.0,0.0,0.0,101
2016-02-04,41.0,2.0,0.0,0.0,0.0,99
2016-02-05,36.0,2.0,0.0,0.0,0.0,59
2016-02-06,43.0,2.0,0.0,1.0,0.0,85
2016-02-07,51.0,2.0,0.0,1.0,0.0,100
2016-02-08,44.0,2.0,0.0,0.0,0.0,74
2016-02-09,32.0,2.0,0.0,0.0,0.0,28
2016-02-10,24.0,2.0,0.0,0.0,0.0,33
2016-02-11,18.0,2.0,0.0,0.0,0.0,36
2016-02-12,20.0,2.0,0.0,0.0,0.0,38
2016-02-13,15.0,2.0,0.0,1.0,0.0,12
2016-02-14,19.0,2.0,0.0,1.0,0.0,17
2016-02-15,34.0,2.0,1.0,0.0,0.0,28
2016-02-16,35.0,2.0,0.0,0.0,0.0,38
2016-02-17,34.0,2.0,0.0,0.0,0.0,55
2016-02-18,33.0,2.0,0.0,0.0,0.0,49
2016-02-19,59.0,2.0,0.0,0.0,0.0,82
2016-02-20,67.0,2.0,0.0,1.0,0.0,441
2016-02-21,55.0,2.0,0.0,1.0,0.0,194
2016-02-22,49.0,2.0,0.0,0.0,0.0,102
2016-02-23,53.0,2.0,0.0,0.0,0.0,109
2016-02-24,62.0,2.0,0.0,0.0,0.0,76
2016-02-25,45.0,2.0,0.0,0.0,0.0,57
2016-02-26,31.0,2.0,0.0,0.0,0.0,52
2016-02-27,41.0,2.0,0.0,1.0,0.0,78
2016-02-28,63.0,2.0,0.0,1.0,0.0,414
2016-02-29,59.0,2.0,0.0,0.0,0.0,88
2016-03-01,65.0,3.0,0.0,0.0,0.0,140
2016-03-02,38.0,3.0,0.0,0.0,0.0,58
2016-03-03,34.0,3.0,0.0,0.0,0.0,66
2016-03-04,33.0,3.0,0.0,0.0,0.0,62
2016-03-05,41.0,3.0,0.0,1.0,0.0,54
2016-03-06,40.0,3.0,0.0,1.0,0.0,68
2016-03-07,66.0,3.0,0.0,0.0,0.0,181
2016-03-08,71.0,3.0,0.0,0.0,0.0,215
2016-03-09,74.0,3.0,0.0,0.0,0.0,326
2016-03-10,65.0,3.0,0.0,0.0,0.0,79
2016-03-11,55.0,3.0,0.0,0.0,0.0,143
2016-03-12,68.0,3.0,0.0,1.0,0.0,406
2016-03-13,59.0,3.0,0.0,1.0,0.0,38
2016-03-14,73.0,3.0,0.0,0.0,0.0,208
2016-03-15,59.0,3.0,0.0,0.0,0.0,129
2016-03-16,68.0,3.0,0.0,0.0,0.0,237
2016-03-17,60.0,3.0,0.0,0.0,0.0,154
2016-03-18,60.0,3.0,0.0,0.0,0.0,200
2016-03-19,40.0,3.0,0.0,1.0,0.0,69
2016-03-20,37.0,3.0,0.0,1.0,0.0,29
2016-03-21,44.0,3.0,0.0,0.0,0.0,73
2016-03-22,60.0,3.0,0.0,0.0,0.0,143
2016-03-23,68.0,3.0,0.0,0.0,0.0,266
2016-03-24,75.0,3.0,0.0,0.0,0.0,237
2016-03-25,59.0,3.0,0.0,0.0,0.0,112
2016-03-26,59.0,3.0,0.0,1.0,0.0,393
2016-03-27,76.0,3.0,0.0,1.0,0.0,503
2016-03-28,60.0,3.0,0.0,0.0,0.0,104
2016-03-29,53.0,3.0,0.0,0.0,0.0,133
2016-03-30,69.0,3.0,0.0,0.0,0.0,269
2016-03-31,72.0,3.0,0.0,0.0,0.0,214
2016-04-01,68.0,4.0,0.0,0.0,0.0,217
2016-04-02,52.0,4.0,0.0,1.0,0.0,139
2016-04-03,52.0,4.0,0.0,1.0,1.0,89
2016-04-04,55.0,4.0,0.0,0.0,0.0,66
2016-04-05,42.0,4.0,0.0,0.0,1.0,92
2016-04-06,67.0,4.0,0.0,0.0,1.0,170
2016-04-07,53.0,4.0,0.0,0.0,0.0,86
2016-04-08,47.0,4.0,0.0,0.0,0.0,107
2016-04-09,35.0,4.0,0.0,1.0,0.0,32
2016-04-10,51.0,4.0,0.0,1.0,0.0,46
2016-04-11,65.0,4.0,0.0,0.0,0.0,76
2016-04-12,50.0,4.0,0.0,0.0,0.0,133
2016-04-13,56.0,4.0,0.0,0.0,1.0,216
2016-04-14,67.0,4.0,0.0,0.0,1.0,244
2016-04-15,71.0,4.0,0.0,0.0,1.0,333
2016-04-16,74.0,4.0,0.0,1.0,1.0,593
2016-04-17,81.0,4.0,0.0,1.0,1.0,707
2016-04-18,80.0,4.0,0.0,0.0,0.0,306
2016-04-19,73.0,4.0,0.0,0.0,0.0,261
2016-04-20,74.0,4.0,0.0,0.0,0.0,281
2016-04-21,75.0,4.0,0.0,0.0,0.0,193
2016-04-22,68.0,4.0,0.0,0.0,0.0,172
2016-04-23,61.0,4.0,0.0,1.0,0.0,369
2016-04-24,70.0,4.0,0.0,1.0,0.0,447
2016-04-25,80.0,4.0,0.0,0.0,0.0,293
2016-04-26,77.0,4.0,0.0,0.0,0.0,210
2016-04-27,67.0,4.0,0.0,0.0,0.0,252
2016-04-28,55.0,4.0,0.0,0.0,0.0,90
2016-04-29,57.0,4.0,0.0,0.0,1.0,180
2016-04-30,66.0,4.0,0.0,1.0,1.0,342
2016-05-01,74.0,5.0,0.0,1.0,1.0,354
2016-05-02,67.0,5.0,0.0,0.0,1.0,267
2016-05-03,64.0,5.0,0.0,0.0,1.0,297
2016-05-04,63.0,5.0,0.0,0.0,1.0,201
2016-05-05,65.0,5.0,0.0,0.0,0.0,150
2016-05-06,70.0,5.0,0.0,0.0,0.0,236
2016-05-07,73.0,5.0,0.0,1.0,0.0,313
2016-05-08,65.0,5.0,0.0,1.0,0.0,346
2016-05-09,56.0,5.0,0.0,0.0,0.0,182
2016-05-10,69.0,5.0,0.0,0.0,0.0,164
2016-05-11,74.0,5.0,0.0,0.0,0.0,229
2016-05-12,79.0,5.0,0.0,0.0,0.0,251
2016-05-13,70.0,5.0,0.0,0.0,0.0,299
2016-05-14,57.0,5.0,0.0,1.0,0.0,102
2016-05-15,50.0,5.0,0.0,1.0,0.0,109
2016-05-16,63.0,5.0,0.0,0.0,1.0,259
2016-05-17,62.0,5.0,0.0,0.0,1.0,212
2016-05-18,60.0,5.0,0.0,0.0,1.0,214
2016-05-19,70.0,5.0,0.0,0.0,1.0,281
2016-05-20,74.0,5.0,0.0,0.0,1.0,546
2016-05-21,58.0,5.0,0.0,1.0,1.0,60
2016-05-22,68.0,5.0,0.0,1.0,0.0,163
2016-05-23,79.0,5.0,0.0,0.0,1.0,271
2016-05-24,80.0,5.0,0.0,0.0,1.0,372
2016-05-25,82.0,5.0,0.0,0.0,1.0,341
2016-05-26,82.0,5.0,0.0,0.0,1.0,326
2016-05-27,87.0,5.0,0.0,0.0,0.0,334
2016-05-28,88.0,5.0,0.0,1.0,0.0,446
2016-05-29,82.0,5.0,1.0,1.0,0.0,642
2016-05-30,83.0,5.0,1.0,0.0,0.0,468
2016-05-31,87.0,5.0,0.0,0.0,0.0,306
2016-06-01,88.0,6.0,0.0,0.0,0.0,322
2016-06-02,85.0,6.0,0.0,0.0,0.0,216
2016-06-03,84.0,6.0,0.0,0.0,1.0,320
2016-06-04,80.0,6.0,0.0,1.0,1.0,394
2016-06-05,76.0,6.0,0.0,1.0,1.0,218
2016-06-06,81.0,6.0,0.0,0.0,0.0,260
2016-06-07,72.0,6.0,0.0,0.0,1.0,390
2016-06-08,66.0,6.0,0.0,0.0,1.0,292
2016-06-09,72.0,6.0,0.0,0.0,0.0,420
2016-06-10,81.0,6.0,0.0,0.0,1.0,425
2016-06-11,90.0,6.0,0.0,1.0,1.0,440
2016-06-12,80.0,6.0,0.0,1.0,1.0,553
2016-06-13,77.0,6.0,0.0,0.0,0.0,300
2016-06-14,80.0,6.0,0.0,0.0,0.0,333
2016-06-15,87.0,6.0,0.0,0.0,0.0,427
2016-06-16,78.0,6.0,0.0,0.0,0.0,155
2016-06-17,82.0,6.0,0.0,0.0,0.0,327
2016-06-18,86.0,6.0,0.0,1.0,0.0,473
2016-06-19,84.0,6.0,0.0,1.0,0.0,370
2016-06-20,89.0,6.0,0.0,0.0,1.0,297
2016-06-21,85.0,6.0,0.0,0.0,1.0,310
2016-06-22,83.0,6.0,0.0,0.0,1.0,365
2016-06-23,72.0,6.0,0.0,0.0,1.0,159
2016-06-24,84.0,6.0,0.0,0.0,1.0,309
2016-06-25,87.0,6.0,0.0,1.0,1.0,415
2016-06-26,92.0,6.0,1.0,1.0,1.0,674
2016-06-27,89.0,6.0,0.0,0.0,1.0,258
2016-06-28,82.0,6.0,0.0,0.0,0.0,343
2016-06-29,74.0,6.0,0.0,0.0,0.0,361
2016-06-30,81.0,6.0,0.0,0.0,0.0,410
2016-07-01,81.0,7.0,0.0,0.0,0.0,331
2016-07-02,73.0,7.0,0.0,1.0,0.0,546
2016-07-03,75.0,7.0,0.0,1.0,0.0,468
2016-07-04,76.0,7.0,1.0,0.0,0.0,335
2016-07-05,86.0,7.0,0.0,0.0,0.0,227
2016-07-06,87.0,7.0,0.0,0.0,0.0,272
2016-07-07,86.0,7.0,0.0,0.0,0.0,265
2016-07-08,86.0,7.0,0.0,0.0,1.0,326
2016-07-09,83.0,7.0,0.0,1.0,1.0,836
2016-07-10,84.0,7.0,0.0,1.0,1.0,531
2016-07-11,88.0,7.0,0.0,0.0,0.0,331
2016-07-12,90.0,7.0,0.0,0.0,0.0,320
2016-07-13,88.0,7.0,0.0,0.0,0.0,232
2016-07-14,88.0,7.0,0.0,0.0,0.0,298
2016-07-15,85.0,7.0,0.0,0.0,0.0,267
2016-07-16,84.0,7.0,0.0,1.0,0.0,554
2016-07-17,86.0,7.0,0.0,1.0,0.0,386
2016-07-18,87.0,7.0,0.0,0.0,0.0,266
2016-07-19,87.0,7.0,0.0,0.0,1.0,348
2016-07-20,85.0,7.0,0.0,0.0,1.0,340
2016-07-21,91.0,7.0,0.0,0.0,1.0,311
2016-07-22,88.0,7.0,0.0,0.0,1.0,281
2016-07-23,92.0,7.0,0.0,1.0,1.0,373
2016-07-24,91.0,7.0,0.0,1.0,1.0,270
2016-07-25,93.0,7.0,0.0,0.0,0.0,268
2016-07-26,89.0,7.0,0.0,0.0,1.0,309
2016-07-27,90.0,7.0,0.0,0.0,1.0,274
2016-07-28,76.0,7.0,0.0,0.0,0.0,163
2016-07-29,85.0,7.0,0.0,0.0,0.0,276
2016-07-30,81.0,7.0,0.0,1.0,0.0,181
2016-07-31,85.0,7.0,1.0,1.0,0.0,579
2016-08-01,87.0,8.0,0.0,0.0,0.0,237
2016-08-02,88.0,8.0,0.0,0.0,0.0,306
2016-08-03,87.0,8.0,0.0,0.0,0.0,313
2016-08-04,84.0,8.0,0.0,0.0,0.0,300
2016-08-05,87.0,8.0,0.0,0.0,1.0,342
2016-08-06,83.0,8.0,0.0,1.0,1.0,484
2016-08-07,85.0,8.0,0.0,1.0,1.0,444
2016-08-08,85.0,8.0,0.0,0.0,0.0,260
2016-08-09,88.0,8.0,0.0,0.0,1.0,275
2016-08-10,87.0,8.0,0.0,0.0,1.0,215
2016-08-11,91.0,8.0,0.0,0.0,1.0,268
2016-08-12,90.0,8.0,0.0,0.0,0.0,187
2016-08-13,90.0,8.0,0.0,1.0,0.0,233
2016-08-14,81.0,8.0,0.0,1.0,0.0,121
2016-08-15,80.0,8.0,0.0,0.0,0.0,202
2016-08-16,88.0,8.0,0.0,0.0,0.0,171
2016-08-17,76.0,8.0,0.0,0.0,0.0,168
2016-08-18,85.0,8.0,0.0,0.0,0.0,261
2016-08-19,85.0,8.0,0.0,0.0,1.0,274
2016-08-20,86.0,8.0,0.0,1.0,1.0,465
2016-08-21,77.0,8.0,0.0,1.0,1.0,263
2016-08-22,77.0,8.0,0.0,0.0,1.0,269
2016-08-23,81.0,8.0,0.0,0.0,1.0,366
2016-08-24,85.0,8.0,0.0,0.0,1.0,336
2016-08-25,88.0,8.0,0.0,0.0,0.0,255
2016-08-26,87.0,8.0,0.0,0.0,0.0,268
2016-08-27,89.0,8.0,0.0,1.0,0.0,354
2016-08-28,89.0,8.0,1.0,1.0,0.0,263
2016-08-29,87.0,8.0,0.0,0.0,0.0,269
2016-08-30,88.0,8.0,0.0,0.0,0.0,264
2016-08-31,85.0,8.0,0.0,0.0,0.0,245
2016-09-01,79.0,9.0,0.0,0.0,0.0,262
2016-09-02,77.0,9.0,0.0,0.0,1.0,319
2016-09-03,79.0,9.0,0.0,1.0,1.0,410
2016-09-04,83.0,9.0,0.0,1.0,1.0,513
2016-09-05,86.0,9.0,1.0,0.0,1.0,462
2016-09-06,88.0,9.0,0.0,0.0,1.0,274
2016-09-07,87.0,9.0,0.0,0.0,1.0,279
2016-09-08,88.0,9.0,0.0,0.0,1.0,259
2016-09-09,80.0,9.0,0.0,0.0,1.0,230
2016-09-10,89.0,9.0,0.0,1.0,1.0,483
2016-09-11,75.0,9.0,0.0,1.0,1.0,384
2016-09-12,79.0,9.0,0.0,0.0,0.0,264
2016-09-13,83.0,9.0,0.0,0.0,0.0,262
2016-09-14,81.0,9.0,0.0,0.0,0.0,232
2016-09-15,75.0,9.0,0.0,0.0,0.0,286
2016-09-16,82.0,9.0,0.0,0.0,0.0,316
2016-09-17,81.0,9.0,0.0,1.0,0.0,363
2016-09-18,75.0,9.0,0.0,1.0,0.0,124
2016-09-19,83.0,9.0,0.0,0.0,0.0,238
2016-09-20,86.0,9.0,0.0,0.0,0.0,267
2016-09-21,86.0,9.0,0.0,0.0,0.0,261
2016-09-22,87.0,9.0,0.0,0.0,0.0,247
2016-09-23,88.0,9.0,0.0,0.0,1.0,287
2016-09-24,75.0,9.0,0.0,1.0,1.0,349
2016-09-25,76.0,9.0,0.0,1.0,1.0,693
2016-09-26,78.0,9.0,0.0,0.0,1.0,217
2016-09-27,72.0,9.0,0.0,0.0,1.0,242
2016-09-28,76.0,9.0,0.0,0.0,1.0,252
2016-09-29,67.0,9.0,0.0,0.0,1.0,127
2016-09-30,66.0,9.0,0.0,0.0,0.0,163
2016-10-01,71.0,10.0,0.0,1.0,0.0,252
2016-10-02,68.0,10.0,0.0,1.0,0.0,224
2016-10-03,70.0,10.0,0.0,0.0,0.0,209
2016-10-04,73.0,10.0,0.0,0.0,0.0,233
2016-10-05,71.0,10.0,0.0,0.0,0.0,257
2016-10-06,76.0,10.0,0.0,0.0,0.0,275
2016-10-07,75.0,10.0,0.0,0.0,0.0,215
2016-10-08,64.0,10.0,0.0,1.0,0.0,211
2016-10-09,61.0,10.0,0.0,1.0,0.0,232
2016-10-10,62.0,10.0,1.0,0.0,0.0,189
2016-10-11,64.0,10.0,0.0,0.0,0.0,170
2016-10-12,74.0,10.0,0.0,0.0,0.0,232
2016-10-13,64.0,10.0,0.0,0.0,0.0,194
2016-10-14,61.0,10.0,0.0,0.0,0.0,200
2016-10-15,75.0,10.0,0.0,1.0,0.0,292
2016-10-16,77.0,10.0,0.0,1.0,0.0,293
2016-10-17,78.0,10.0,0.0,0.0,0.0,267
2016-10-18,79.0,10.0,0.0,0.0,0.0,263
2016-10-19,75.0,10.0,0.0,0.0,0.0,210
2016-10-20,79.0,10.0,0.0,0.0,0.0,113
2016-10-21,60.0,10.0,0.0,0.0,0.0,54
2016-10-22,49.0,10.0,0.0,1.0,0.0,79
2016-10-23,64.0,10.0,0.0,1.0,0.0,253
2016-10-24,61.0,10.0,0.0,0.0,0.0,175
2016-10-25,55.0,10.0,0.0,0.0,0.0,150
2016-10-26,48.0,10.0,0.0,0.0,0.0,107
2016-10-27,61.0,10.0,0.0,0.0,0.0,106
2016-10-28,54.0,10.0,0.0,0.0,0.0,143
2016-10-29,75.0,10.0,0.0,1.0,0.0,286
2016-10-30,71.0,10.0,0.0,1.0,0.0,111
2016-10-31,52.0,10.0,0.0,0.0,0.0,140
2016-11-01,77.0,11.0,0.0,0.0,0.0,196
2016-11-02,80.0,11.0,0.0,0.0,0.0,240
2016-11-03,68.0,11.0,0.0,0.0,0.0,137
2016-11-04,57.0,11.0,0.0,0.0,0.0,159
2016-11-05,62.0,11.0,0.0,1.0,0.0,269
2016-11-06,65.0,11.0,0.0,1.0,0.0,198
2016-11-07,69.0,11.0,0.0,0.0,0.0,144
2016-11-08,66.0,11.0,0.0,0.0,0.0,140
2016-11-09,53.0,11.0,0.0,0.0,0.0,97
2016-11-10,59.0,11.0,0.0,0.0,0.0,123
2016-11-11,58.0,11.0,1.0,0.0,0.0,136
2016-11-12,49.0,11.0,0.0,1.0,0.0,179
2016-11-13,55.0,11.0,0.0,1.0,0.0,139
2016-11-14,58.0,11.0,0.0,0.0,0.0,164
2016-11-15,59.0,11.0,0.0,0.0,0.0,119
2016-11-16,56.0,11.0,0.0,0.0,0.0,150
2016-11-17,61.0,11.0,0.0,0.0,0.0,143
2016-11-18,74.0,11.0,0.0,0.0,0.0,273
2016-11-19,60.0,11.0,0.0,1.0,0.0,42
2016-11-20,34.0,11.0,0.0,1.0,0.0,28
2016-11-21,36.0,11.0,0.0,0.0,0.0,72
2016-11-22,39.0,11.0,0.0,0.0,0.0,77
2016-11-23,45.0,11.0,0.0,0.0,0.0,72
2016-11-24,51.0,11.0,1.0,0.0,0.0,28
2016-11-25,46.0,11.0,0.0,0.0,0.0,44
2016-11-26,45.0,11.0,0.0,1.0,0.0,61
2016-11-27,46.0,11.0,0.0,1.0,0.0,53
2016-11-28,52.0,11.0,0.0,0.0,0.0,90
2016-11-29,64.0,11.0,0.0,0.0,0.0,140
2016-11-30,60.0,11.0,0.0,0.0,0.0,71
2016-12-01,48.0,12.0,0.0,0.0,0.0,93
2016-12-02,41.0,12.0,0.0,0.0,0.0,74
2016-12-03,39.0,12.0,0.0,1.0,0.0,61
2016-12-04,42.0,12.0,0.0,1.0,0.0,66
2016-12-05,44.0,12.0,0.0,0.0,0.0,92
2016-12-06,44.0,12.0,0.0,0.0,0.0,51
2016-12-07,43.0,12.0,0.0,0.0,0.0,78
2016-12-08,35.0,12.0,0.0,0.0,0.0,64
2016-12-09,28.0,12.0,0.0,0.0,0.0,44
2016-12-10,29.0,12.0,0.0,1.0,0.0,40
2016-12-11,35.0,12.0,0.0,1.0,0.0,24
2016-12-12,43.0,12.0,0.0,0.0,0.0,57
2016-12-13,33.0,12.0,0.0,0.0,0.0,35
2016-12-14,31.0,12.0,0.0,0.0,0.0,33
2016-12-15,19.0,12.0,0.0,0.0,0.0,20
2016-12-16,23.0,12.0,0.0,0.0,0.0,21
2016-12-17,61.0,12.0,0.0,1.0,0.0,8
2016-12-18,62.0,12.0,0.0,1.0,0.0,8
2016-12-19,26.0,12.0,0.0,0.0,0.0,34
2016-12-20,36.0,12.0,0.0,0.0,0.0,37
2016-12-21,36.0,12.0,0.0,0.0,0.0,47
2016-12-22,41.0,12.0,0.0,0.0,0.0,42
2016-12-23,40.0,12.0,0.0,0.0,0.0,36
2016-12-24,49.0,12.0,0.0,1.0,0.0,23
2016-12-25,39.0,12.0,0.0,1.0,0.0,30
2016-12-26,66.0,12.0,1.0,0.0,0.0,40
2016-12-27,66.0,12.0,0.0,0.0,0.0,51
2016-12-28,41.0,12.0,0.0,0.0,0.0,40
2016-12-29,39.0,12.0,0.0,0.0,0.0,21
2016-12-30,31.0,12.0,0.0,0.0,0.0,17
2016-12-31,43.0,12.0,0.0,1.0,0.0,26
2017-01-01,44.0,1.0,0.0,1.0,0.0,60
2017-01-02,47.0,1.0,1.0,0.0,0.0,23
2017-01-03,49.0,1.0,0.0,0.0,0.0,19
2017-01-04,43.0,1.0,0.0,0.0,0.0,45
2017-01-05,22.0,1.0,0.0,0.0,0.0,26
2017-01-06,17.0,1.0,0.0,0.0,0.0,17
2017-01-07,17.0,1.0,0.0,1.0,0.0,14
2017-01-08,16.0,1.0,0.0,1.0,0.0,6
2017-01-09,28.0,1.0,0.0,0.0,0.0,28
2017-01-10,50.0,1.0,0.0,0.0,0.0,35
2017-01-11,58.0,1.0,0.0,0.0,0.0,47
2017-01-12,66.0,1.0,0.0,0.0,0.0,47
2017-01-13,36.0,1.0,0.0,0.0,0.0,43
2017-01-14,35.0,1.0,0.0,1.0,0.0,24
2017-01-15,34.0,1.0,0.0,1.0,0.0,27
2017-01-16,38.0,1.0,1.0,0.0,0.0,31
2017-01-17,62.0,1.0,0.0,0.0,0.0,67
2017-01-18,50.0,1.0,0.0,0.0,0.0,67
2017-01-19,42.0,1.0,0.0,0.0,0.0,71
2017-01-20,56.0,1.0,0.0,0.0,0.0,60
2017-01-21,64.0,1.0,0.0,1.0,0.0,305
2017-01-22,62.0,1.0,0.0,1.0,0.0,113
2017-01-23,50.0,1.0,0.0,0.0,0.0,29
2017-01-24,40.0,1.0,0.0,0.0,0.0,37
2017-01-25,52.0,1.0,0.0,0.0,0.0,73
2017-01-26,51.0,1.0,0.0,0.0,0.0,40
2017-01-27,32.0,1.0,0.0,0.0,0.0,41
2017-01-28,33.0,1.0,0.0,1.0,0.0,41
2017-01-29,32.0,1.0,0.0,1.0,0.0,32
2017-01-30,28.0,1.0,0.0,0.0,0.0,30
2017-01-31,39.0,1.0,0.0,0.0,0.0,38
2017-02-01,38.0,2.0,0.0,0.0,0.0,50
2017-02-02,34.0,2.0,0.0,0.0,0.0,60
2017-02-03,26.0,2.0,0.0,0.0,0.0,55
2017-02-04,31.0,2.0,0.0,1.0,0.0,38
2017-02-05,45.0,2.0,0.0,1.0,0.0,49
2017-02-06,54.0,2.0,0.0,0.0,0.0,83
2017-02-07,63.0,2.0,0.0,0.0,0.0,53
2017-02-08,56.0,2.0,0.0,0.0,0.0,66
2017-02-09,29.0,2.0,0.0,0.0,0.0,15
2017-02-10,31.0,2.0,0.0,0.0,0.0,28
2017-02-11,57.0,2.0,0.0,1.0,0.0,86
2017-02-12,57.0,2.0,0.0,1.0,0.0,32
2017-02-13,39.0,2.0,0.0,0.0,0.0,61
2017-02-14,50.0,2.0,0.0,0.0,0.0,59
2017-02-15,43.0,2.0,0.0,0.0,0.0,48
2017-02-16,28.0,2.0,0.0,0.0,0.0,34
2017-02-17,53.0,2.0,0.0,0.0,0.0,92
2017-02-18,68.0,2.0,0.0,1.0,0.0,408
2017-02-19,65.0,2.0,0.0,1.0,0.0,390
2017-02-20,61.0,2.0,1.0,0.0,0.0,191
2017-02-21,65.0,2.0,0.0,0.0,0.0,145
2017-02-22,66.0,2.0,0.0,0.0,0.0,152
2017-02-23,69.0,2.0,0.0,0.0,0.0,124
2017-02-24,76.0,2.0,0.0,0.0,0.0,379
2017-02-25,66.0,2.0,0.0,1.0,0.0,96
2017-02-26,39.0,2.0,0.0,1.0,0.0,53
2017-02-27,46.0,2.0,0.0,0.0,0.0,58
2017-02-28,57.0,2.0,0.0,0.0,0.0,87
2017-03-01,61.0,3.0,0.0,0.0,0.0,61
2017-03-02,41.0,3.0,0.0,0.0,0.0,54
2017-03-03,32.0,3.0,0.0,0.0,0.0,50
2017-03-04,33.0,3.0,0.0,1.0,0.0,23
2017-03-05,47.0,3.0,0.0,1.0,0.0,67
2017-03-06,56.0,3.0,0.0,0.0,0.0,59
2017-03-07,60.0,3.0,0.0,0.0,0.0,49
2017-03-08,56.0,3.0,0.0,0.0,0.0,79
2017-03-09,58.0,3.0,0.0,0.0,0.0,120
2017-03-10,33.0,3.0,0.0,0.0,0.0,43
2017-03-11,26.0,3.0,0.0,1.0,0.0,19
2017-03-12,28.0,3.0,0.0,1.0,0.0,20
2017-03-13,41.0,3.0,0.0,0.0,0.0,46
2017-03-14,34.0,3.0,0.0,0.0,0.0,23
2017-03-15,26.0,3.0,0.0,0.0,0.0,18
2017-03-16,36.0,3.0,0.0,0.0,0.0,29
2017-03-17,41.0,3.0,0.0,0.0,0.0,41
2017-03-18,45.0,3.0,0.0,1.0,0.0,45
2017-03-19,40.0,3.0,0.0,1.0,0.0,45
2017-03-20,51.0,3.0,0.0,0.0,0.0,80
2017-03-21,59.0,3.0,0.0,0.0,0.0,116
2017-03-22,38.0,3.0,0.0,0.0,0.0,60
2017-03-23,50.0,3.0,0.0,0.0,0.0,89
2017-03-24,74.0,3.0,0.0,0.0,0.0,192
2017-03-25,73.0,3.0,0.0,1.0,0.0,447
2017-03-26,68.0,3.0,0.0,1.0,0.0,195
2017-03-27,68.0,3.0,0.0,0.0,0.0,180
2017-03-28,58.0,3.0,0.0,0.0,0.0,73
2017-03-29,60.0,3.0,0.0,0.0,0.0,142
2017-03-30,55.0,3.0,0.0,0.0,0.0,107
2017-03-31,54.0,3.0,0.0,0.0,0.0,26
2017-04-01,43.0,4.0,0.0,1.0,0.0,55
2017-04-02,58.0,4.0,0.0,1.0,0.0,253
2017-04-03,69.0,4.0,0.0,0.0,0.0,93
2017-04-04,63.0,4.0,0.0,0.0,0.0,137
2017-04-05,72.0,4.0,0.0,0.0,0.0,203
2017-04-06,58.0,4.0,0.0,0.0,0.0,60
2017-04-07,39.0,4.0,0.0,0.0,1.0,58
2017-04-08,59.0,4.0,0.0,1.0,1.0,280
2017-04-09,73.0,4.0,0.0,1.0,1.0,460
2017-04-10,79.0,4.0,0.0,0.0,1.0,344
2017-04-11,69.0,4.0,0.0,0.0,1.0,140
2017-04-12,65.0,4.0,0.0,0.0,1.0,206
2017-04-13,59.0,4.0,0.0,0.0,0.0,161
2017-04-14,73.0,4.0,0.0,0.0,0.0,368
2017-04-15,82.0,4.0,0.0,1.0,0.0,462
2017-04-16,76.0,4.0,0.0,1.0,0.0,227
2017-04-17,69.0,4.0,0.0,0.0,0.0,221
2017-04-18,71.0,4.0,0.0,0.0,0.0,291
2017-04-19,73.0,4.0,0.0,0.0,0.0,164
2017-04-20,77.0,4.0,0.0,0.0,0.0,225
2017-04-21,68.0,4.0,0.0,0.0,1.0,271
2017-04-22,54.0,4.0,0.0,1.0,1.0,251
2017-04-23,69.0,4.0,0.0,1.0,1.0,393
2017-04-24,64.0,4.0,0.0,0.0,1.0,103
2017-04-25,66.0,4.0,0.0,0.0,1.0,95
2017-04-26,78.0,4.0,0.0,0.0,1.0,296
2017-04-27,81.0,4.0,0.0,0.0,0.0,186
2017-04-28,73.0,4.0,0.0,0.0,0.0,255
2017-04-29,74.0,4.0,0.0,1.0,0.0,169
2017-04-30,87.0,4.0,0.0,1.0,0.0,335
2017-05-01,81.0,5.0,0.0,0.0,0.0,104
2017-05-02,62.0,5.0,0.0,0.0,0.0,140
2017-05-03,59.0,5.0,0.0,0.0,0.0,183
2017-05-04,66.0,5.0,0.0,0.0,0.0,137
2017-05-05,72.0,5.0,0.0,0.0,1.0,173
2017-05-06,48.0,5.0,0.0,1.0,1.0,41
2017-05-07,57.0,5.0,0.0,1.0,1.0,414
2017-05-08,57.0,5.0,0.0,0.0,0.0,163
2017-05-09,66.0,5.0,0.0,0.0,0.0,223
2017-05-10,73.0,5.0,0.0,0.0,0.0,226
2017-05-11,58.0,5.0,0.0,0.0,0.0,111
2017-05-12,58.0,5.0,0.0,0.0,0.0,150
2017-05-13,67.0,5.0,0.0,1.0,0.0,248
2017-05-14,71.0,5.0,0.0,1.0,0.0,286
2017-05-15,71.0,5.0,0.0,0.0,0.0,241
2017-05-16,83.0,5.0,0.0,0.0,1.0,300
2017-05-17,87.0,5.0,0.0,0.0,1.0,283
2017-05-18,85.0,5.0,0.0,0.0,1.0,240
2017-05-19,83.0,5.0,0.0,0.0,1.0,471
2017-05-20,72.0,5.0,0.0,1.0,1.0,420
2017-05-21,76.0,5.0,0.0,1.0,1.0,129
2017-05-22,67.0,5.0,0.0,0.0,0.0,262
2017-05-23,72.0,5.0,0.0,0.0,0.0,271
2017-05-24,67.0,5.0,0.0,0.0,0.0,159
2017-05-25,67.0,5.0,0.0,0.0,0.0,138
2017-05-26,68.0,5.0,0.0,0.0,1.0,179
2017-05-27,72.0,5.0,0.0,1.0,1.0,321
2017-05-28,79.0,5.0,0.0,1.0,1.0,695
2017-05-29,79.0,5.0,1.0,0.0,1.0,502
2017-05-30,78.0,5.0,0.0,0.0,1.0,277
2017-05-31,76.0,5.0,0.0,0.0,1.0,221
2017-06-01,74.0,6.0,0.0,0.0,0.0,334
2017-06-02,78.0,6.0,0.0,0.0,0.0,387
2017-06-03,80.0,6.0,0.0,1.0,0.0,540
2017-06-04,82.0,6.0,0.0,1.0,0.0,243
2017-06-05,76.0,6.0,0.0,0.0,0.0,212
2017-06-06,65.0,6.0,0.0,0.0,0.0,270
2017-06-07,66.0,6.0,0.0,0.0,0.0,291
2017-06-08,70.0,6.0,0.0,0.0,1.0,312
2017-06-09,78.0,6.0,0.0,0.0,1.0,382
2017-06-10,84.0,6.0,0.0,1.0,1.0,517
2017-06-11,85.0,6.0,0.0,1.0,1.0,468
2017-06-12,88.0,6.0,0.0,0.0,1.0,280
2017-06-13,91.0,6.0,0.0,0.0,1.0,195
2017-06-14,87.0,6.0,0.0,0.0,1.0,341
2017-06-15,85.0,6.0,0.0,0.0,0.0,192
2017-06-16,83.0,6.0,0.0,0.0,1.0,218
2017-06-17,87.0,6.0,0.0,1.0,1.0,414
2017-06-18,88.0,6.0,0.0,1.0,1.0,232
2017-06-19,79.0,6.0,0.0,0.0,0.0,178
2017-06-20,77.0,6.0,0.0,0.0,0.0,297
2017-06-21,80.0,6.0,0.0,0.0,0.0,305
2017-06-22,86.0,6.0,0.0,0.0,0.0,276
2017-06-23,76.0,6.0,0.0,0.0,0.0,124
2017-06-24,79.0,6.0,0.0,1.0,0.0,440
2017-06-25,75.0,6.0,0.0,1.0,0.0,706
2017-06-26,73.0,6.0,0.0,0.0,0.0,268
2017-06-27,70.0,6.0,0.0,0.0,1.0,308
2017-06-28,75.0,6.0,0.0,0.0,1.0,356
2017-06-29,85.0,6.0,0.0,0.0,1.0,279
2017-06-30,84.0,6.0,0.0,0.0,1.0,301
2017-07-01,82.0,7.0,0.0,1.0,1.0,383
2017-07-02,84.0,7.0,0.0,1.0,1.0,478
2017-07-03,85.0,7.0,0.0,0.0,0.0,413
2017-07-04,84.0,7.0,1.0,0.0,0.0,607
2017-07-05,88.0,7.0,0.0,0.0,0.0,272
2017-07-06,81.0,7.0,0.0,0.0,0.0,145
2017-07-07,81.0,7.0,0.0,0.0,0.0,215
2017-07-08,80.0,7.0,0.0,1.0,0.0,340
2017-07-09,78.0,7.0,0.0,1.0,0.0,446
2017-07-10,80.0,7.0,0.0,0.0,0.0,138
2017-07-11,82.0,7.0,0.0,0.0,0.0,166
2017-07-12,87.0,7.0,0.0,0.0,0.0,279
2017-07-13,77.0,7.0,0.0,0.0,0.0,215
2017-07-14,84.0,7.0,0.0,0.0,1.0,265
2017-07-15,79.0,7.0,0.0,1.0,1.0,595
2017-07-16,82.0,7.0,0.0,1.0,1.0,344
2017-07-17,85.0,7.0,0.0,0.0,1.0,264
2017-07-18,87.0,7.0,0.0,0.0,1.0,314
2017-07-19,89.0,7.0,0.0,0.0,1.0,251
2017-07-20,88.0,7.0,0.0,0.0,1.0,256
2017-07-21,87.0,7.0,0.0,0.0,0.0,292
2017-07-22,78.0,7.0,0.0,1.0,0.0,143
2017-07-23,81.0,7.0,0.0,1.0,0.0,247
2017-07-24,80.0,7.0,0.0,0.0,0.0,216
2017-07-25,76.0,7.0,0.0,0.0,0.0,287
2017-07-26,80.0,7.0,0.0,0.0,0.0,323
2017-07-27,83.0,7.0,0.0,0.0,0.0,299
2017-07-28,81.0,7.0,0.0,0.0,0.0,179
2017-07-29,79.0,7.0,0.0,1.0,0.0,421
2017-07-30,85.0,7.0,0.0,1.0,0.0,881
2017-07-31,84.0,7.0,0.0,0.0,0.0,301
2017-08-01,84.0,8.0,0.0,0.0,1.0,320
2017-08-02,84.0,8.0,0.0,0.0,1.0,273
2017-08-03,84.0,8.0,0.0,0.0,1.0,263
2017-08-04,83.0,8.0,0.0,0.0,1.0,248
2017-08-05,74.0,8.0,0.0,1.0,1.0,646
2017-08-06,75.0,8.0,0.0,1.0,1.0,362
2017-08-07,72.0,8.0,0.0,0.0,1.0,178
2017-08-08,76.0,8.0,0.0,0.0,1.0,318
2017-08-09,81.0,8.0,0.0,0.0,0.0,284
2017-08-10,78.0,8.0,0.0,0.0,0.0,250
2017-08-11,81.0,8.0,0.0,0.0,0.0,244
2017-08-12,79.0,8.0,0.0,1.0,0.0,365
2017-08-13,79.0,8.0,0.0,1.0,0.0,368
2017-08-14,80.0,8.0,0.0,0.0,0.0,215
2017-08-15,85.0,8.0,0.0,0.0,0.0,284
2017-08-16,85.0,8.0,0.0,0.0,0.0,262
2017-08-17,88.0,8.0,0.0,0.0,1.0,207
2017-08-18,84.0,8.0,0.0,0.0,1.0,257
2017-08-19,85.0,8.0,0.0,1.0,1.0,253
2017-08-20,83.0,8.0,0.0,1.0,1.0,401
2017-08-21,86.0,8.0,0.0,0.0,1.0,258
2017-08-22,85.0,8.0,0.0,0.0,1.0,140
2017-08-23,76.0,8.0,0.0,0.0,1.0,333
2017-08-24,76.0,8.0,0.0,0.0,1.0,248
2017-08-25,73.0,8.0,0.0,0.0,0.0,311
2017-08-26,75.0,8.0,0.0,1.0,0.0,415
2017-08-27,78.0,8.0,0.0,1.0,0.0,354
2017-08-28,76.0,8.0,0.0,0.0,0.0,261
2017-08-29,75.0,8.0,0.0,0.0,0.0,232
2017-08-30,78.0,8.0,0.0,0.0,0.0,239
2017-08-31,77.0,8.0,0.0,0.0,0.0,204
2017-09-01,63.0,9.0,0.0,0.0,1.0,232
2017-09-02,67.0,9.0,0.0,1.0,1.0,168
2017-09-03,73.0,9.0,0.0,1.0,1.0,353
2017-09-04,81.0,9.0,1.0,0.0,1.0,401
2017-09-05,75.0,9.0,0.0,0.0,1.0,161
2017-09-06,69.0,9.0,0.0,0.0,1.0,234
2017-09-07,65.0,9.0,0.0,0.0,1.0,198
2017-09-08,69.0,9.0,0.0,0.0,0.0,218
2017-09-09,68.0,9.0,0.0,1.0,0.0,311
2017-09-10,69.0,9.0,0.0,1.0,0.0,272
2017-09-11,72.0,9.0,0.0,0.0,0.0,246
2017-09-12,72.0,9.0,0.0,0.0,0.0,235
2017-09-13,80.0,9.0,0.0,0.0,0.0,227
2017-09-14,70.0,9.0,0.0,0.0,0.0,188
2017-09-15,75.0,9.0,0.0,0.0,0.0,285
2017-09-16,81.0,9.0,0.0,1.0,0.0,470
2017-09-17,81.0,9.0,0.0,1.0,0.0,290
2017-09-18,83.0,9.0,0.0,0.0,1.0,230
2017-09-19,84.0,9.0,0.0,0.0,1.0,303
2017-09-20,84.0,9.0,0.0,0.0,1.0,261
2017-09-21,86.0,9.0,0.0,0.0,0.0,258
2017-09-22,88.0,9.0,0.0,0.0,1.0,322
2017-09-23,89.0,9.0,0.0,1.0,1.0,455
2017-09-24,90.0,9.0,0.0,1.0,1.0,489
2017-09-25,89.0,9.0,0.0,0.0,0.0,241
2017-09-26,89.0,9.0,0.0,0.0,1.0,249
2017-09-27,91.0,9.0,0.0,0.0,1.0,254
2017-09-28,72.0,9.0,0.0,0.0,0.0,279
2017-09-29,71.0,9.0,0.0,0.0,0.0,291
2017-09-30,64.0,9.0,0.0,1.0,0.0,317
2017-10-01,69.0,10.0,0.0,1.0,0.0,268
2017-10-02,76.0,10.0,0.0,0.0,0.0,228
2017-10-03,79.0,10.0,0.0,0.0,0.0,246
2017-10-04,81.0,10.0,0.0,0.0,0.0,278
2017-10-05,71.0,10.0,0.0,0.0,0.0,184
2017-10-06,71.0,10.0,0.0,0.0,0.0,241
2017-10-07,82.0,10.0,0.0,1.0,0.0,382
2017-10-08,73.0,10.0,0.0,1.0,0.0,217
2017-10-09,77.0,10.0,1.0,0.0,0.0,173
2017-10-10,80.0,10.0,0.0,0.0,0.0,257
2017-10-11,77.0,10.0,0.0,0.0,0.0,194
2017-10-12,68.0,10.0,0.0,0.0,0.0,170
2017-10-13,74.0,10.0,0.0,0.0,0.0,247
2017-10-14,78.0,10.0,0.0,1.0,0.0,428
2017-10-15,75.0,10.0,0.0,1.0,0.0,223
2017-10-16,59.0,10.0,0.0,0.0,0.0,179
2017-10-17,63.0,10.0,0.0,0.0,0.0,202
2017-10-18,70.0,10.0,0.0,0.0,0.0,195
2017-10-19,70.0,10.0,0.0,0.0,0.0,243
2017-10-20,73.0,10.0,0.0,0.0,0.0,293
2017-10-21,75.0,10.0,0.0,1.0,0.0,428
2017-10-22,77.0,10.0,0.0,1.0,0.0,350
2017-10-23,67.0,10.0,0.0,0.0,0.0,70
2017-10-24,59.0,10.0,0.0,0.0,0.0,179
2017-10-25,45.0,10.0,0.0,0.0,0.0,130
2017-10-26,53.0,10.0,0.0,0.0,0.0,164
2017-10-27,71.0,10.0,0.0,0.0,0.0,262
2017-10-28,57.0,10.0,0.0,1.0,0.0,42
2017-10-29,43.0,10.0,0.0,1.0,0.0,37
2017-10-30,46.0,10.0,0.0,0.0,0.0,129
2017-10-31,45.0,10.0,0.0,0.0,0.0,134
2017-11-01,48.0,11.0,0.0,0.0,0.0,63
2017-11-02,68.0,11.0,0.0,0.0,0.0,172
2017-11-03,64.0,11.0,0.0,0.0,0.0,148
2017-11-04,61.0,11.0,0.0,1.0,0.0,202
2017-11-05,70.0,11.0,0.0,1.0,0.0,94
2017-11-06,60.0,11.0,0.0,0.0,0.0,106
2017-11-07,39.0,11.0,0.0,0.0,0.0,76
2017-11-08,50.0,11.0,0.0,0.0,0.0,98
2017-11-09,53.0,11.0,0.0,0.0,0.0,155
2017-11-10,41.0,11.0,1.0,0.0,0.0,73
2017-11-11,37.0,11.0,0.0,1.0,0.0,93
2017-11-12,46.0,11.0,0.0,1.0,0.0,79
2017-11-13,45.0,11.0,0.0,0.0,0.0,114
2017-11-14,44.0,11.0,0.0,0.0,0.0,115
2017-11-15,47.0,11.0,0.0,0.0,0.0,99
2017-11-16,48.0,11.0,0.0,0.0,0.0,107
2017-11-17,43.0,11.0,0.0,0.0,0.0,145
2017-11-18,61.0,11.0,0.0,1.0,0.0,27
2017-11-19,47.0,11.0,0.0,1.0,0.0,30
2017-11-20,43.0,11.0,0.0,0.0,0.0,108
2017-11-21,56.0,11.0,0.0,0.0,0.0,122
2017-11-22,47.0,11.0,0.0,0.0,0.0,53
2017-11-23,40.0,11.0,1.0,0.0,0.0,22
2017-11-24,53.0,11.0,0.0,0.0,0.0,80
2017-11-25,56.0,11.0,0.0,1.0,0.0,108
2017-11-26,44.0,11.0,0.0,1.0,0.0,60
2017-11-27,52.0,11.0,0.0,0.0,0.0,120
2017-11-28,64.0,11.0,0.0,0.0,0.0,169
2017-11-29,55.0,11.0,0.0,0.0,0.0,129
2017-11-30,62.0,11.0,0.0,0.0,0.0,88
2017-12-01,48.0,12.0,0.0,0.0,0.0,116
2017-12-02,46.0,12.0,0.0,1.0,0.0,79
2017-12-03,55.0,12.0,0.0,1.0,0.0,92
2017-12-04,59.0,12.0,0.0,0.0,0.0,116
2017-12-05,56.0,12.0,0.0,0.0,0.0,63
2017-12-06,44.0,12.0,0.0,0.0,0.0,115
2017-12-07,37.0,12.0,0.0,0.0,0.0,85
2017-12-08,30.0,12.0,0.0,0.0,0.0,67
2017-12-09,37.0,12.0,0.0,1.0,0.0,44
2017-12-10,33.0,12.0,0.0,1.0,0.0,50
2017-12-11,39.0,12.0,0.0,0.0,0.0,71
2017-12-12,43.0,12.0,0.0,0.0,0.0,34
2017-12-13,26.0,12.0,0.0,0.0,0.0,42
2017-12-14,33.0,12.0,0.0,0.0,0.0,50
2017-12-15,29.0,12.0,0.0,0.0,0.0,46
2017-12-16,44.0,12.0,0.0,1.0,0.0,50
2017-12-17,42.0,12.0,0.0,1.0,0.0,54
2017-12-18,45.0,12.0,0.0,0.0,0.0,57
2017-12-19,55.0,12.0,0.0,0.0,0.0,96
2017-12-20,45.0,12.0,0.0,0.0,0.0,68
2017-12-21,42.0,12.0,0.0,0.0,0.0,83
2017-12-22,57.0,12.0,0.0,0.0,0.0,75
2017-12-23,55.0,12.0,0.0,1.0,0.0,15
2017-12-24,37.0,12.0,0.0,1.0,0.0,15
2017-12-25,32.0,12.0,1.0,0.0,0.0,7
2017-12-26,19.0,12.0,0.0,0.0,0.0,17
2017-12-27,15.0,12.0,0.0,0.0,0.0,18
2017-12-28,15.0,12.0,0.0,0.0,0.0,24
2017-12-29,19.0,12.0,0.0,0.0,0.0,27
2017-12-30,18.0,12.0,0.0,1.0,0.0,3
2017-12-31,14.0,12.0,0.0,1.0,0.0,9
